{"Loss": 9.454012797505129e-06, "Acc": 0.8225714564323425, "deltaLoss": 2.081687853205949e-07, "deltaAcc": 0.0027381181716918945, "AUC": 0.911124923454425, "val_AUC": 0.9057843999784031, "deltaAUC": 0.0053405234760218745, "Layers": 3.0, "Nodes": 60.0, "Dropout": 0.4, "lr": 0.001}