{"Loss": 1.0248247235722374e-05, "Acc": 0.739728569984436, "deltaLoss": 9.060477168532088e-08, "deltaAcc": 0.006195247173309326, "AUC": 0.8295077780921734, "val_AUC": 0.8216602833069473, "deltaAUC": 0.007847494785226061, "Layers": 2.0, "Nodes": 36.0, "Dropout": 0.4, "lr": 0.001}