{"Loss": 9.426267752132844e-06, "Acc": 0.8261785507202148, "deltaLoss": 9.553696145303547e-08, "deltaAcc": 0.0008451938629150391, "AUC": 0.9137954907767423, "val_AUC": 0.9085819465011804, "deltaAUC": 0.0052135442755618655, "Layers": 3.0, "Nodes": 40.0, "Dropout": 0.4, "lr": 0.001}