{"Loss": 1.199136477225693e-05, "Acc": 0.6616571545600891, "deltaLoss": 8.637653081677854e-08, "deltaAcc": 0.0004094839096069336, "AUC": 0.7420640006534566, "val_AUC": 0.7409671083001901, "deltaAUC": 0.0010968923532664876, "Layers": 1.0, "Nodes": 30.0, "Dropout": 0.4, "lr": 0.001}