{"Loss": 1.0311508049198892e-05, "Acc": 0.741685688495636, "deltaLoss": 3.155037120450288e-09, "deltaAcc": 0.005119025707244873, "AUC": 0.830219961812297, "val_AUC": 0.8199770991541833, "deltaAUC": 0.010242862658113694, "Layers": 3.0, "Nodes": 40.0, "Dropout": 0.4, "lr": 0.001}